[{"model": "contenttypes.contenttype", "pk": 1, "fields": {"app_label": "admin", "model": "logentry"}}, {"model": "contenttypes.contenttype", "pk": 2, "fields": {"app_label": "auth", "model": "user"}}, {"model": "contenttypes.contenttype", "pk": 3, "fields": {"app_label": "auth", "model": "permission"}}, {"model": "contenttypes.contenttype", "pk": 4, "fields": {"app_label": "auth", "model": "group"}}, {"model": "contenttypes.contenttype", "pk": 5, "fields": {"app_label": "contenttypes", "model": "contenttype"}}, {"model": "contenttypes.contenttype", "pk": 6, "fields": {"app_label": "sessions", "model": "session"}}, {"model": "contenttypes.contenttype", "pk": 7, "fields": {"app_label": "sites", "model": "site"}}, {"model": "contenttypes.contenttype", "pk": 8, "fields": {"app_label": "taggit", "model": "tag"}}, {"model": "contenttypes.contenttype", "pk": 9, "fields": {"app_label": "taggit", "model": "taggeditem"}}, {"model": "contenttypes.contenttype", "pk": 10, "fields": {"app_label": "account", "model": "passwordhistory"}}, {"model": "contenttypes.contenttype", "pk": 11, "fields": {"app_label": "account", "model": "emailaddress"}}, {"model": "contenttypes.contenttype", "pk": 12, "fields": {"app_label": "account", "model": "account"}}, {"model": "contenttypes.contenttype", "pk": 13, "fields": {"app_label": "account", "model": "emailconfirmation"}}, {"model": "contenttypes.contenttype", "pk": 14, "fields": {"app_label": "account", "model": "accountdeletion"}}, {"model": "contenttypes.contenttype", "pk": 15, "fields": {"app_label": "account", "model": "signupcoderesult"}}, {"model": "contenttypes.contenttype", "pk": 16, "fields": {"app_label": "account", "model": "passwordexpiry"}}, {"model": "contenttypes.contenttype", "pk": 17, "fields": {"app_label": "account", "model": "signupcode"}}, {"model": "contenttypes.contenttype", "pk": 18, "fields": {"app_label": "subscriptions_dir", "model": "customer"}}, {"model": "contenttypes.contenttype", "pk": 19, "fields": {"app_label": "subscriptions_dir", "model": "order"}}, {"model": "contenttypes.contenttype", "pk": 20, "fields": {"app_label": "subscriptions_dir", "model": "giftee"}}, {"model": "contenttypes.contenttype", "pk": 21, "fields": {"app_label": "subscriptions_lib", "model": "taggedsubscription"}}, {"model": "contenttypes.contenttype", "pk": 22, "fields": {"app_label": "subscriptions_lib", "model": "category"}}, {"model": "contenttypes.contenttype", "pk": 23, "fields": {"app_label": "subscriptions_lib", "model": "company"}}, {"model": "contenttypes.contenttype", "pk": 24, "fields": {"app_label": "subscriptions_lib", "model": "subscription"}}, {"model": "contenttypes.contenttype", "pk": 25, "fields": {"app_label": "faq", "model": "faqcategory"}}, {"model": "contenttypes.contenttype", "pk": 26, "fields": {"app_label": "faq", "model": "faqentry"}}, {"model": "sessions.session", "pk": "eozh79b31momr5x0gt03rcw5u87keowt", "fields": {"session_data": "OTRkNDQzYzJhM2IwZTdkZWExMTczYzQ1YWM2YjVkMTIwZGZlMzBjNTp7Il9hdXRoX3VzZXJfYmFja2VuZCI6ImFjY291bnQuYXV0aF9iYWNrZW5kcy5Vc2VybmFtZUF1dGhlbnRpY2F0aW9uQmFja2VuZCIsIl9hdXRoX3VzZXJfaWQiOiIxIiwiX2F1dGhfdXNlcl9oYXNoIjoiMGJjODhlY2VlM2IyMmJmMjU3MjllYTEyMGY1Yzc4Y2ViYWQ0OGZhYiJ9", "expire_date": "2017-01-25T15:59:33.135Z"}}, {"model": "sites.site", "pk": 1, "fields": {"domain": "localhost:8000", "name": "example.com [localhost]"}}, {"model": "sites.site", "pk": 2, "fields": {"domain": "example.com", "name": "example.com"}}, {"model": "taggit.tag", "pk": 1, "fields": {"name": "him", "slug": "him"}}, {"model": "taggit.tag", "pk": 2, "fields": {"name": "her", "slug": "her"}}, {"model": "taggit.tag", "pk": 3, "fields": {"name": "kids", "slug": "kids"}}, {"model": "taggit.tag", "pk": 4, "fields": {"name": "popular", "slug": "popular"}}, {"model": "taggit.tag", "pk": 5, "fields": {"name": "new", "slug": "new"}}, {"model": "subscriptions_lib.category", "pk": 0, "fields": {"name": "Alcohol", "favicon": "beer"}}, {"model": "subscriptions_lib.category", "pk": 1, "fields": {"name": "Beauty", "favicon": "eye"}}, {"model": "subscriptions_lib.category", "pk": 2, "fields": {"name": "Beverages", "favicon": "coffee"}}, {"model": "subscriptions_lib.category", "pk": 3, "fields": {"name": "Children", "favicon": "child"}}, {"model": "subscriptions_lib.category", "pk": 4, "fields": {"name": "Creative", "favicon": "paint-brush"}}, {"model": "subscriptions_lib.category", "pk": 5, "fields": {"name": "Fashion", "favicon": "black-tie"}}, {"model": "subscriptions_lib.category", "pk": 6, "fields": {"name": "Food", "favicon": "cutlery"}}, {"model": "subscriptions_lib.category", "pk": 7, "fields": {"name": "Geek", "favicon": "gamepad"}}, {"model": "subscriptions_lib.category", "pk": 8, "fields": {"name": "Jewellery", "favicon": "diamond"}}, {"model": "subscriptions_lib.category", "pk": 9, "fields": {"name": "Lifestyle", "favicon": "home"}}, {"model": "subscriptions_lib.category", "pk": 10, "fields": {"name": "Men", "favicon": "mars"}}, {"model": "subscriptions_lib.category", "pk": 11, "fields": {"name": "Pets", "favicon": "paw"}}, {"model": "subscriptions_lib.category", "pk": 12, "fields": {"name": "Sport", "favicon": "futbol-o"}}, {"model": "subscriptions_lib.category", "pk": 13, "fields": {"name": "Vegan", "favicon": "leaf"}}, {"model": "subscriptions_lib.company", "pk": 0, "fields": {"name": "HelloFresh", "category": 6, "url": "https://www.hellofresh.co.uk"}}, {"model": "subscriptions_lib.company", "pk": 1, "fields": {"name": "BeerBods", "category": 0, "url": "https://beerbods.co.uk/"}}, {"model": "subscriptions_lib.company", "pk": 2, "fields": {"name": "eightpointnine", "category": 0, "url": "https://eightpointnine.com/"}}, {"model": "subscriptions_lib.company", "pk": 3, "fields": {"name": "Cafedirect", "category": 2, "url": "http://handpicked.cafedirect.co.uk"}}, {"model": "subscriptions_lib.company", "pk": 4, "fields": {"name": "Beer52", "category": 0, "url": "https://www.beer52.com/"}}, {"model": "subscriptions_lib.company", "pk": 5, "fields": {"name": "Japan Crate", "category": 6, "url": "https://japancrate.com/"}}, {"model": "subscriptions_lib.company", "pk": 6, "fields": {"name": "Cocoa Runners", "category": 6, "url": "http://cocoarunners.com/"}}, {"model": "subscriptions_lib.company", "pk": 7, "fields": {"name": "Graze", "category": 6, "url": "https://www.graze.com/"}}, {"model": "subscriptions_lib.company", "pk": 8, "fields": {"name": "Hotel Chocolat", "category": 6, "url": "http://www.hotelchocolat.com/"}}, {"model": "subscriptions_lib.company", "pk": 9, "fields": {"name": "My Vitibox", "category": 0, "url": "http://www.myvitibox.co.uk/"}}, {"model": "subscriptions_lib.company", "pk": 10, "fields": {"name": "Bubble Club", "category": 0, "url": "http://www.bubbleclub.co.uk/"}}, {"model": "subscriptions_lib.company", "pk": 11, "fields": {"name": "Not Another Bill", "category": 9, "url": "https://notanotherbill.com/"}}, {"model": "subscriptions_lib.company", "pk": 12, "fields": {"name": "GlossyBox", "category": 1, "url": "https://www.glossybox.co.uk/"}}, {"model": "subscriptions_lib.taggedsubscription", "pk": 1, "fields": {"tag": 1, "content_object": 45}}, {"model": "subscriptions_lib.subscription", "pk": 1, "fields": {"name": "One bottle of beer every week for 12 weeks", "company": 1, "category": 0, "description": "<p>Sign someone up to our beer club and they\u2019ll drink one bottle of amazing beer from a small, independent brewery every week for 12, 24 or 48 weeks. Each week they\u2019ll be emailed the story behind the beer and have a chance to join in an online tasting every Thursday at 9pm.</p>\n<p>Our beers are from small, independent breweries all over the UK.</p>\n<p><b>How it works:</b></p>\n<ol>\n<li>The recipient gets 12 beers in the post every 12 weeks</li>\n<li>All subscribers drink the same beer (just one) every week</li>\n<li>Every Thursday, the story behind that week's beer gets emailed out. Beer just tastes better when you know a bit more about it</li>\n<li>The recipient gets a chance to enjoy each beer with new friends by joining our live tasting every Thursday at 9pm</li>\n</ol>\n<blockquote class=\"blockquote\">\n  <p class=\"mb-0\">A brilliant idea. A sort of beer-tasting club, for less than the price of a heavy night out.</p>\n  <footer class=\"blockquote-footer\"><cite title=\"Source Title\">The Guardian</cite></footer>\n</blockquote>\n<p>With this purchase, we will send your selected recipient a digital gift card for a 12 week subscription with a personalised message.</p>", "price": 36.0, "url": null, "img": "subscription_thumbnails/beerbods.jpg", "reference": ""}}, {"model": "subscriptions_lib.subscription", "pk": 2, "fields": {"name": "One bottle of beer every week for 24 weeks", "company": 1, "category": 0, "description": "<p>Sign someone up to our beer club and they\u2019ll drink one bottle of amazing beer from a small, independent brewery every week for 12, 24 or 48 weeks. Each week they\u2019ll be emailed the story behind the beer and have a chance to join in an online tasting every Thursday at 9pm.</p>\n<p>Our beers are from small, independent breweries all over the UK.</p>\n<p><b>How it works:</b></p>\n<ol>\n<li>The recipient gets 12 beers in the post every 12 weeks</li>\n<li>All subscribers drink the same beer (just one) every week</li>\n<li>Every Thursday, the story behind that week's beer gets emailed out. Beer just tastes better when you know a bit more about it</li>\n<li>The recipient gets a chance to enjoy each beer with new friends by joining our live tasting every Thursday at 9pm</li>\n</ol>\n<blockquote class=\"blockquote\">\n  <p class=\"mb-0\">A brilliant idea. A sort of beer-tasting club, for less than the price of a heavy night out.</p>\n  <footer class=\"blockquote-footer\"><cite title=\"Source Title\">The Guardian</cite></footer>\n</blockquote>\n<p>With this purchase, we will send your selected recipient a digital gift card for a 24 week subscription with a personalised message.</p>", "price": 70.0, "url": null, "img": "subscription_thumbnails/beerbods.jpg", "reference": ""}}, {"model": "subscriptions_lib.subscription", "pk": 3, "fields": {"name": "One bottle of beer every week for 48 weeks", "company": 1, "category": 0, "description": "<p>Sign someone up to our beer club and they\u2019ll drink one bottle of amazing beer from a small, independent brewery every week for 12, 24 or 48 weeks. Each week they\u2019ll be emailed the story behind the beer and have a chance to join in an online tasting every Thursday at 9pm.</p>\n<p>Our beers are from small, independent breweries all over the UK.</p>\n<p><b>How it works:</b></p>\n<ol>\n<li>The recipient gets 12 beers in the post every 12 weeks</li>\n<li>All subscribers drink the same beer (just one) every week</li>\n<li>Every Thursday, the story behind that week's beer gets emailed out. Beer just tastes better when you know a bit more about it</li>\n<li>The recipient gets a chance to enjoy each beer with new friends by joining our live tasting every Thursday at 9pm</li>\n</ol>\n<blockquote class=\"blockquote\">\n  <p class=\"mb-0\">A brilliant idea. A sort of beer-tasting club, for less than the price of a heavy night out.</p>\n  <footer class=\"blockquote-footer\"><cite title=\"Source Title\">The Guardian</cite></footer>\n</blockquote>\n<p>With this purchase, we will send your selected recipient a digital gift card for a 48 week subscription with a personalised message.</p>", "price": 135.0, "url": null, "img": "subscription_thumbnails/beerbods.jpg", "reference": ""}}, {"model": "subscriptions_lib.subscription", "pk": 4, "fields": {"name": "Three Recipe Box meals for 2 people", "company": 0, "category": 6, "description": "<p>Give the perfect gift with a HelloFresh delivery. Share the joy of cooking with your friends and loved ones and treat them to a HelloFresh delivery for one week. Simply buy a gift subscription and wish them Happy Cooking!</p>\n<p>Your recipient will be able to choose between the Classic Box or Veggie Box for this gift.</p>\n<p><b>How it works:</b></p>\n<ol>\n<li>Our chefs create delicious recipes</li>\n<li>We fill the recipient's box with fresh ingredients</li>\n<li>We deliver a recipe box to him or her, at no extra cost</li>\n<li>The recipient cooks amazing meals in his or her own home</li>\n</ol>\n<p>With our flexible delivery, the recipient can choose a delivery slot that suits his or her schedule, so there's no need to wait around the house all day. Once a slot has been chosen, we\u2019ll pack a box with all the fresh ingredients from our suppliers & recipe cards needed to cook a balanced, brilliant dinner. Then we'll deliver it straight to their door!</p>\n<p>With this purchase, we will send your selected recipient a digital gift card for 3 meals for 2 people over a week with a personalised message.</p>", "price": 42.0, "url": null, "img": "subscription_thumbnails/hellofresh.jpg", "reference": ""}}, {"model": "subscriptions_lib.subscription", "pk": 5, "fields": {"name": "Three Recipe Box meals for 4 people", "company": 0, "category": 6, "description": "<p>Give the perfect gift with a HelloFresh delivery. Share the joy of cooking with your friends and loved ones and treat them to a HelloFresh delivery for one week. Simply buy a gift subscription and wish them Happy Cooking!</p>\n<p>Your recipient will be able to choose between the Classic Box or Veggie Box for this gift.</p>\n<p><b>How it works:</b></p>\n<ol>\n<li>Our chefs create delicious recipes</li>\n<li>We fill the recipient's box with fresh ingredients</li>\n<li>We deliver a recipe box to him or her, at no extra cost</li>\n<li>The recipient cooks amazing meals in his or her own home</li>\n</ol>\n<p>With our flexible delivery, the recipient can choose a delivery slot that suits his or her schedule, so there's no need to wait around the house all day. Once a slot has been chosen, we\u2019ll pack a box with all the fresh ingredients from our suppliers & recipe cards needed to cook a balanced, brilliant dinner. Then we'll deliver it straight to their door!</p>\n<p>With this purchase, we will send your selected recipient a digital gift card for 3 meals for 4 people over a week with a personalised message.</p>", "price": 62.0, "url": null, "img": "subscription_thumbnails/hellofresh.jpg", "reference": ""}}, {"model": "subscriptions_lib.subscription", "pk": 6, "fields": {"name": "Five Recipe Box meals for 2 people", "company": 0, "category": 6, "description": "<p>Give the perfect gift with a HelloFresh delivery. Share the joy of cooking with your friends and loved ones and treat them to a HelloFresh delivery for one week. Simply buy a gift subscription and wish them Happy Cooking!</p>\n<p>Your recipient will be able to choose between the Classic Box or Veggie Box for this gift.</p>\n<p><b>How it works:</b></p>\n<ol>\n<li>Our chefs create delicious recipes</li>\n<li>We fill the recipient's box with fresh ingredients</li>\n<li>We deliver a recipe box to him or her, at no extra cost</li>\n<li>The recipient cooks amazing meals in his or her own home</li>\n</ol>\n<p>With our flexible delivery, the recipient can choose a delivery slot that suits his or her schedule, so there's no need to wait around the house all day. Once a slot has been chosen, we\u2019ll pack a box with all the fresh ingredients from our suppliers & recipe cards needed to cook a balanced, brilliant dinner. Then we'll deliver it straight to their door!</p>\n<p>With this purchase, we will send your selected recipient a digital gift card for 5 meals for 2 people over a week with a personalised message.</p>", "price": 52.0, "url": null, "img": "subscription_thumbnails/hellofresh.jpg", "reference": ""}}, {"model": "subscriptions_lib.subscription", "pk": 7, "fields": {"name": "3 bag coffee subscription", "company": 2, "category": 0, "description": "<p>eightpointnine was founded in 2011 by two entrepreneurs who shared an obsession for great coffee. Noticing the growing trend for subscriptions and personalisation, they decided to create the first coffee subscription service, and to this day we are still the only company to offer personalised blends.</p>\n<p>Look no further for the perfect! eightpointnine can solve all your present worries with a coffee gift for a friend or family member.</p>\n<p><b>How it works:</b></p>\n<ol>\n<li>The recipient receives a gift voucher for your selected gift coffee subscription</li>\n<li>He or she can select the frequency to receive the coffee bags (weekly / fortnightly / monthly)</li>\n<li>We deliver premium coffee straight to their door, tailor-made for the recipient's unique taste and style</li>\n</ol>\n<blockquote class=\"blockquote\">\n  <p class=\"mb-0\">@eightpointnine I don't know how any other coffee can compete. Each custom blend is unique... really found my own flavor. Love it! Thank you.</p>\n  <footer class=\"blockquote-footer\"><cite title=\"Source Title\">@Aaron_Safronoff</cite></footer>\n</blockquote>\n<p>At eightpointnine, our roast-masters are amongst the best in the business, with over 20 years experience of developing long-term relationships with coffee growing communities around the world.</p>\n<p>We have used this experience to source outstanding beans from 6 countries (Brazil, Colombia, Costa Rica, Guatemala, Kenya and Indonesia-Sumatra).</p>\n<p>We use only the finest Arabica beans so all of our coffee can easily be enjoyed as single origins but we believe they come together to create even more outstanding coffee blends.</p>\n<p>With this purchase, we will send your selected recipient a digital gift card for a 3 bag coffee subscription with a personalised message.</p>", "price": 25.0, "url": null, "img": "subscription_thumbnails/eightpointnine.jpg", "reference": ""}}, {"model": "subscriptions_lib.subscription", "pk": 8, "fields": {"name": "6 bag coffee subscription", "company": 2, "category": 0, "description": "<p>eightpointnine was founded in 2011 by two entrepreneurs who shared an obsession for great coffee. Noticing the growing trend for subscriptions and personalisation, they decided to create the first coffee subscription service, and to this day we are still the only company to offer personalised blends.</p>\n<p>Look no further for the perfect! eightpointnine can solve all your present worries with a coffee gift for a friend or family member.</p>\n<p><b>How it works:</b></p>\n<ol>\n<li>The recipient receives a gift voucher for your selected gift coffee subscription</li>\n<li>He or she can select the frequency to receive the coffee bags (weekly / fortnightly / monthly)</li>\n<li>We deliver premium coffee straight to their door, tailor-made for the recipient's unique taste and style</li>\n</ol>\n<blockquote class=\"blockquote\">\n  <p class=\"mb-0\">@eightpointnine I don't know how any other coffee can compete. Each custom blend is unique... really found my own flavor. Love it! Thank you.</p>\n  <footer class=\"blockquote-footer\"><cite title=\"Source Title\">@Aaron_Safronoff</cite></footer>\n</blockquote>\n<p>At eightpointnine, our roast-masters are amongst the best in the business, with over 20 years experience of developing long-term relationships with coffee growing communities around the world.</p>\n<p>We have used this experience to source outstanding beans from 6 countries (Brazil, Colombia, Costa Rica, Guatemala, Kenya and Indonesia-Sumatra).</p>\n<p>We use only the finest Arabica beans so all of our coffee can easily be enjoyed as single origins but we believe they come together to create even more outstanding coffee blends.</p>\n<p>With this purchase, we will send your selected recipient a digital gift card for a 6 bag coffee subscription with a personalised message.</p>", "price": 48.0, "url": null, "img": "subscription_thumbnails/eightpointnine.jpg", "reference": ""}}, {"model": "subscriptions_lib.subscription", "pk": 9, "fields": {"name": "12 bag coffee subscription", "company": 2, "category": 0, "description": "<p>eightpointnine was founded in 2011 by two entrepreneurs who shared an obsession for great coffee. Noticing the growing trend for subscriptions and personalisation, they decided to create the first coffee subscription service, and to this day we are still the only company to offer personalised blends.</p>\n<p>Look no further for the perfect! eightpointnine can solve all your present worries with a coffee gift for a friend or family member.</p>\n<p><b>How it works:</b></p>\n<ol>\n<li>The recipient receives a gift voucher for your selected gift coffee subscription</li>\n<li>He or she can select the frequency to receive the coffee bags (weekly / fortnightly / monthly)</li>\n<li>We deliver premium coffee straight to their door, tailor-made for the recipient's unique taste and style</li>\n</ol>\n<blockquote class=\"blockquote\">\n  <p class=\"mb-0\">@eightpointnine I don't know how any other coffee can compete. Each custom blend is unique... really found my own flavor. Love it! Thank you.</p>\n  <footer class=\"blockquote-footer\"><cite title=\"Source Title\">@Aaron_Safronoff</cite></footer>\n</blockquote>\n<p>At eightpointnine, our roast-masters are amongst the best in the business, with over 20 years experience of developing long-term relationships with coffee growing communities around the world.</p>\n<p>We have used this experience to source outstanding beans from 6 countries (Brazil, Colombia, Costa Rica, Guatemala, Kenya and Indonesia-Sumatra).</p>\n<p>We use only the finest Arabica beans so all of our coffee can easily be enjoyed as single origins but we believe they come together to create even more outstanding coffee blends.</p>\n<p>With this purchase, we will send your selected recipient a digital gift card for a 12 bag coffee subscription with a personalised message.</p>", "price": 92.0, "url": null, "img": "subscription_thumbnails/eightpointnine.jpg", "reference": ""}}, {"model": "subscriptions_lib.subscription", "pk": 10, "fields": {"name": "3 month coffee subscription", "company": 3, "category": 2, "description": "<p>Explore flavours from around the world with our delicious coffees, beautifully blended teas and rich hot chocolate. All ethically sourced directly from expert smallholder farmers. Because we believe things that are made better, taste better.</p>\n<p>This is the perfect gift for those who love coffee and exploring new things. The lucky recipient will receive their speciality coffee each month, handpicked by experts, freshly roasted and delivered through their letterbox.</p>\n<p>Our 3, 6 and 12 month plans are gifts that last beyond the day itself, as month by month your loved one will receive their favourite coffee, along with a booklet about the story of the farm it comes from,  tasting notes and recommended brewing methods.</p>\n<p><b>How it works:</b></p>\n<ol>\n<li>The recipient receives a gift voucher for your selected gift coffee subscription</li>\n<li>They will then be able to claim the code by adding their address and choosing the type of coffee they want to receive</li>\n<li>We deliver premium coffee straight to their door</li>\n</ol>\n<p>With this purchase, we will send your selected recipient a digital gift card for a 3 month subscription with a personalised message.</p>", "price": 24.0, "url": null, "img": "subscription_thumbnails/cafedirect.jpg", "reference": ""}}, {"model": "subscriptions_lib.subscription", "pk": 11, "fields": {"name": "6 month coffee subscription", "company": 3, "category": 2, "description": "<p>Explore flavours from around the world with our delicious coffees, beautifully blended teas and rich hot chocolate. All ethically sourced directly from expert smallholder farmers. Because we believe things that are made better, taste better.</p>\n<p>This is the perfect gift for those who love coffee and exploring new things. The lucky recipient will receive their speciality coffee each month, handpicked by experts, freshly roasted and delivered through their letterbox.</p>\n<p>Our 3, 6 and 12 month plans are gifts that last beyond the day itself, as month by month your loved one will receive their favourite coffee, along with a booklet about the story of the farm it comes from,  tasting notes and recommended brewing methods.</p>\n<p><b>What they get exactly:</b></p>\n<p>Each month they will receive a slimline box which contains a different 250g bag (20-25 cups) of gourmet coffee chosen by our experts from around the world, a gorgeous booklet explaining the provenance of the coffee and tasting notes, and sometimes a special extra treat that we put in from time to time.</p>\n<p><b>How it works:</b></p>\n<ol>\n<li>The recipient receives a gift voucher for your selected gift coffee subscription</li>\n<li>They will then be able to claim the code by adding their address and choosing the type of coffee they want to receive</li>\n<li>We deliver premium coffee straight to their door</li>\n</ol>\n<p>With this purchase, we will send your selected recipient a digital gift card for a 3 month subscription with a personalised message.</p>", "price": 45.0, "url": null, "img": "subscription_thumbnails/cafedirect.jpg", "reference": ""}}, {"model": "subscriptions_lib.subscription", "pk": 12, "fields": {"name": "12 month coffee subscription", "company": 3, "category": 2, "description": "<p>Explore flavours from around the world with our delicious coffees, beautifully blended teas and rich hot chocolate. All ethically sourced directly from expert smallholder farmers. Because we believe things that are made better, taste better.</p>\n<p>This is the perfect gift for those who love coffee and exploring new things. The lucky recipient will receive their speciality coffee each month, handpicked by experts, freshly roasted and delivered through their letterbox.</p>\n<p>Our 3, 6 and 12 month plans are gifts that last beyond the day itself, as month by month your loved one will receive their favourite coffee, along with a booklet about the story of the farm it comes from,  tasting notes and recommended brewing methods.</p>\n<p><b>What they get exactly:</b></p>\n<p>Each month they will receive a slimline box which contains a different 250g bag (20-25 cups) of gourmet coffee chosen by our experts from around the world, a gorgeous booklet explaining the provenance of the coffee and tasting notes, and sometimes a special extra treat that we put in from time to time.</p>\n<p><b>How it works:</b></p>\n<ol>\n<li>The recipient receives a gift voucher for your selected gift coffee subscription</li>\n<li>They will then be able to claim the code by adding their address and choosing the type of coffee they want to receive</li>\n<li>We deliver premium coffee straight to their door</li>\n</ol>\n<p>With this purchase, we will send your selected recipient a digital gift card for a 6 month subscription with a personalised message.</p>", "price": 85.0, "url": null, "img": "subscription_thumbnails/cafedirect.jpg", "reference": ""}}, {"model": "subscriptions_lib.subscription", "pk": 13, "fields": {"name": "3 month craft beer case subscription", "company": 4, "category": 0, "description": "<p>Explore flavours from around the world with our delicious coffees, beautifully blended teas and rich hot chocolate. All ethically sourced directly from expert smallholder farmers. Because we believe things that are made better, taste better.</p>\n<p>This is the perfect gift for those who love coffee and exploring new things. The lucky recipient will receive their speciality coffee each month, handpicked by experts, freshly roasted and delivered through their letterbox.</p>\n<p>Our 3, 6 and 12 month plans are gifts that last beyond the day itself, as month by month your loved one will receive their favourite coffee, along with a booklet about the story of the farm it comes from,  tasting notes and recommended brewing methods.</p>\n<p><b>What they get exactly:</b></p>\n<p>Each month they will receive a slimline box which contains a different 250g bag (20-25 cups) of gourmet coffee chosen by our experts from around the world, a gorgeous booklet explaining the provenance of the coffee and tasting notes, and sometimes a special extra treat that we put in from time to time.</p>\n<p><b>How it works:</b></p>\n<ol>\n<li>The recipient receives a gift voucher for your selected gift coffee subscription</li>\n<li>They will then be able to claim the code by adding their address and choosing the type of coffee they want to receive</li>\n<li>We deliver premium coffee straight to their door</li>\n</ol>\n<p>With this purchase, we will send your selected recipient a digital gift card for a 12 month subscription with a personalised message.</p>", "price": 69.0, "url": null, "img": "subscription_thumbnails/beer52.jpg", "reference": ""}}, {"model": "subscriptions_lib.subscription", "pk": 14, "fields": {"name": "6 month craft beer case subscription", "company": 4, "category": 0, "description": "<p>Our founder, craft beer obsessive James Brown discovered his passion for craft beer during an epic road trip from his home in Edinburgh to Faro, on the back of his dad's Harley-Davidson. Stopping at tiny pubs and brewhouses along the way, he found beers that were not only delicious, but that he'd never heard of before.</p>\n<p>Gone are the days of watery, fizzy, tin cans of nothingness. Craft beer is rebellious, anti-establishment and witty. A good craft beer takes ingenuity and imagination to brew.</p>\n<p>An army of thousands are tinkering and tweaking. Inventing, discovering and creating. Strong beers, fruity beers, hoppy beers, all for you to discover.</p>\n<p>Free yourself from big beer brand slavery. Drink the freshest beer. Send your tastebuds on the ultimate craft beer road trip.</p>\n<p><b>How it works:</b></p>\n<ol>\n<li>Each month, our experts pick the best beers personalised to the recipient</li>\n<li>We send 8 different exclusive craft beers and Ferment magazine</li>\n<li>The recipient gets access to the freshest beer available - in the glass within 4-6 weeks of being brewed</li>\n</ol>\n<p>With this purchase, we will send your selected recipient a digital gift card for a 6 month subscription with a personalised message.</p>", "price": 132.0, "url": null, "img": "subscription_thumbnails/beer52.jpg", "reference": ""}}, {"model": "subscriptions_lib.subscription", "pk": 15, "fields": {"name": "12 month craft beer case subscription", "company": 4, "category": 0, "description": "<p>Our founder, craft beer obsessive James Brown discovered his passion for craft beer during an epic road trip from his home in Edinburgh to Faro, on the back of his dad's Harley-Davidson. Stopping at tiny pubs and brewhouses along the way, he found beers that were not only delicious, but that he'd never heard of before.</p>\n<p>Gone are the days of watery, fizzy, tin cans of nothingness. Craft beer is rebellious, anti-establishment and witty. A good craft beer takes ingenuity and imagination to brew.</p>\n<p>An army of thousands are tinkering and tweaking. Inventing, discovering and creating. Strong beers, fruity beers, hoppy beers, all for you to discover.</p>\n<p>Free yourself from big beer brand slavery. Drink the freshest beer. Send your tastebuds on the ultimate craft beer road trip.</p>\n<p><b>How it works:</b></p>\n<ol>\n<li>Each month, our experts pick the best beers personalised to the recipient</li>\n<li>We send 8 different exclusive craft beers and Ferment magazine</li>\n<li>The recipient gets access to the freshest beer available - in the glass within 4-6 weeks of being brewed</li>\n</ol>\n<p>With this purchase, we will send your selected recipient a digital gift card for a 12 month subscription with a personalised message.</p>", "price": 252.0, "url": null, "img": "subscription_thumbnails/beer52.jpg", "reference": ""}}, {"model": "subscriptions_lib.subscription", "pk": 16, "fields": {"name": "3 month chocolate tasting course", "company": 6, "category": 6, "description": "<p>Know someone who considers themself a bit of an epicure? A chocolate gourmet? Or simply just can\u2019t enough chocolate? Well we\u2019ve created the perfect club for them.</p>\n<p>As a member of the Cocoa Runners club they\u2019ll receive a box of four carefully selected premium chocolate bars every month in their choice of either mixed or dark bars.</p>\n<p>With each box we aim to broaden their experiences of chocolate, from exploring single origin beans, to comparing styles and flavour from different parts of the world, to unwrapping the stories behind our artisan makers \u2013 they\u2019ll have plenty to look forward to.</p>\n<p>They\u2019ll also find tasting cards and expert reviews by our team to guide them along the way. What\u2019s more exciting than receiving the finest chocolate from around the world straight to your doorstep?!</p>\n<p><b>How it works:</b></p>\n<ol>\n<li>We run around the world to find you four new craft chocolate bars each month</li>\n<li>You taste chocolate from some of the world's most exclusive artisan chocolate makers</li>\n<li>Unwrap the stories behind each bar via our tasting notes. Then share your own notes online</li>\n</ol>\n<blockquote class=\"blockquote\">\n  <p class=\"mb-0\">Cocoa Runners is any chocolate lover's dream company.</p>\n  <footer class=\"blockquote-footer\"><cite title=\"Source Title\">The Sunday Times</cite></footer>\n</blockquote>\n<p>With this purchase, we will send your selected recipient a digital gift card for a 3 month subscription with a personalised message.</p>", "price": 59.95, "url": null, "img": "subscription_thumbnails/cocoarunners.jpg", "reference": ""}}, {"model": "subscriptions_lib.subscription", "pk": 17, "fields": {"name": "6 month chocolate tasting course", "company": 6, "category": 6, "description": "<p>Know someone who considers themself a bit of an epicure? A chocolate gourmet? Or simply just can\u2019t enough chocolate? Well we\u2019ve created the perfect club for them.</p>\n<p>As a member of the Cocoa Runners club they\u2019ll receive a box of four carefully selected premium chocolate bars every month in their choice of either mixed or dark bars.</p>\n<p>With each box we aim to broaden their experiences of chocolate, from exploring single origin beans, to comparing styles and flavour from different parts of the world, to unwrapping the stories behind our artisan makers \u2013 they\u2019ll have plenty to look forward to.</p>\n<p>They\u2019ll also find tasting cards and expert reviews by our team to guide them along the way. What\u2019s more exciting than receiving the finest chocolate from around the world straight to your doorstep?!</p>\n<p><b>How it works:</b></p>\n<ol>\n<li>We run around the world to find you four new craft chocolate bars each month</li>\n<li>You taste chocolate from some of the world's most exclusive artisan chocolate makers</li>\n<li>Unwrap the stories behind each bar via our tasting notes. Then share your own notes online</li>\n</ol>\n<blockquote class=\"blockquote\">\n  <p class=\"mb-0\">Cocoa Runners is any chocolate lover's dream company.</p>\n  <footer class=\"blockquote-footer\"><cite title=\"Source Title\">The Sunday Times</cite></footer>\n</blockquote>\n<p>With this purchase, we will send your selected recipient a digital gift card for a 6 month subscription with a personalised message.</p>", "price": 119.95, "url": null, "img": "subscription_thumbnails/cocoarunners.jpg", "reference": ""}}, {"model": "subscriptions_lib.subscription", "pk": 18, "fields": {"name": "12 month chocolate tasting course", "company": 6, "category": 6, "description": "<p>Know someone who considers themself a bit of an epicure? A chocolate gourmet? Or simply just can\u2019t enough chocolate? Well we\u2019ve created the perfect club for them.</p>\n<p>As a member of the Cocoa Runners club they\u2019ll receive a box of four carefully selected premium chocolate bars every month in their choice of either mixed or dark bars.</p>\n<p>With each box we aim to broaden their experiences of chocolate, from exploring single origin beans, to comparing styles and flavour from different parts of the world, to unwrapping the stories behind our artisan makers \u2013 they\u2019ll have plenty to look forward to.</p>\n<p>They\u2019ll also find tasting cards and expert reviews by our team to guide them along the way. What\u2019s more exciting than receiving the finest chocolate from around the world straight to your doorstep?!</p>\n<p><b>How it works:</b></p>\n<ol>\n<li>We run around the world to find you four new craft chocolate bars each month</li>\n<li>You taste chocolate from some of the world's most exclusive artisan chocolate makers</li>\n<li>Unwrap the stories behind each bar via our tasting notes. Then share your own notes online</li>\n</ol>\n<blockquote class=\"blockquote\">\n  <p class=\"mb-0\">Cocoa Runners is any chocolate lover's dream company.</p>\n  <footer class=\"blockquote-footer\"><cite title=\"Source Title\">The Sunday Times</cite></footer>\n</blockquote>\n<p>With this purchase, we will send your selected recipient a digital gift card for a 12 month subscription with a personalised message.</p>", "price": 239.95, "url": null, "img": "subscription_thumbnails/cocoarunners.jpg", "reference": ""}}, {"model": "subscriptions_lib.subscription", "pk": 19, "fields": {"name": "5 Graze snack boxes", "company": 7, "category": 6, "description": "<p>At graze we want to help people snack better and show them that it does not have to come at the sacrifice of quality or taste. We believe in mindful eating \u2013 actively thinking about what you are consuming and savoring the flavor and texture of foods so you feel more satisfied and eat only what you need.</p>\n<p>With a graze subscription, you will gift access to all the newest snacks created by our taste experts and approved by our nutritionist. Help someone special discover a new favourite today!</p>\n<p>Our snack boxes have no artificial colours, flavours or preservatives. Each portion is carefully controlled and has a nutritionist approved badge.</p>\n<p><b>How it works:</b></p>\n<ol>\n<li>Your lucky recipient gets a voucher, which they can then redeem from our website and tell us where to send their box to</li>\n<li>The recipient gets to explore over 100 exciting snacks and tell us what he or she likes</li>\n<li>We hand-pick and deliver a box of 4 exciting snacks to their door</li>\n</ol>\n<p>With this purchase, we will send your selected recipient a digital gift card for a 5 snack boxes along with a personalised message.</p>", "price": 19.95, "url": null, "img": "subscription_thumbnails/graze.jpg", "reference": ""}}, {"model": "subscriptions_lib.subscription", "pk": 20, "fields": {"name": "10 Graze snack boxes", "company": 7, "category": 6, "description": "<p>At graze we want to help people snack better and show them that it does not have to come at the sacrifice of quality or taste. We believe in mindful eating \u2013 actively thinking about what you are consuming and savoring the flavor and texture of foods so you feel more satisfied and eat only what you need.</p>\n<p>With a graze subscription, you will gift access to all the newest snacks created by our taste experts and approved by our nutritionist. Help someone special discover a new favourite today!</p>\n<p>Our snack boxes have no artificial colours, flavours or preservatives. Each portion is carefully controlled and has a nutritionist approved badge.</p>\n<p><b>How it works:</b></p>\n<ol>\n<li>Your lucky recipient gets a voucher, which they can then redeem from our website and tell us where to send their box to</li>\n<li>The recipient gets to explore over 100 exciting snacks and tell us what he or she likes</li>\n<li>We hand-pick and deliver a box of 4 exciting snacks to their door</li>\n</ol>\n<p>With this purchase, we will send your selected recipient a digital gift card for a 10 snack boxes along with a personalised message.</p>", "price": 39.9, "url": null, "img": "subscription_thumbnails/graze.jpg", "reference": ""}}, {"model": "subscriptions_lib.subscription", "pk": 21, "fields": {"name": "15 Graze snack boxes", "company": 7, "category": 6, "description": "<p>At graze we want to help people snack better and show them that it does not have to come at the sacrifice of quality or taste. We believe in mindful eating \u2013 actively thinking about what you are consuming and savoring the flavor and texture of foods so you feel more satisfied and eat only what you need.</p>\n<p>With a graze subscription, you will gift access to all the newest snacks created by our taste experts and approved by our nutritionist. Help someone special discover a new favourite today!</p>\n<p>Our snack boxes have no artificial colours, flavours or preservatives. Each portion is carefully controlled and has a nutritionist approved badge.</p>\n<p><b>How it works:</b></p>\n<ol>\n<li>Your lucky recipient gets a voucher, which they can then redeem from our website and tell us where to send their box to</li>\n<li>The recipient gets to explore over 100 exciting snacks and tell us what he or she likes</li>\n<li>We hand-pick and deliver a box of 4 exciting snacks to their door</li>\n</ol>\n<p>With this purchase, we will send your selected recipient a digital gift card for a 15 snack boxes along with a personalised message.</p>", "price": 59.85, "url": null, "img": "subscription_thumbnails/graze.jpg", "reference": ""}}, {"model": "subscriptions_lib.subscription", "pk": 22, "fields": {"name": "Tasting Club 3 month subscription", "company": 8, "category": 6, "description": "<p>Treat a friend or family member to a chocolate subscription from Hotel Chocolat's Tasting Club.</p>\n<p>Receive a different box of exclusive new chocolate recipes every 4 weeks for 3 months. Our incredible subscription packs are sent out by post and allow the lucky recipient to become a Tasting Club Member.</p>\n<p>When the pack arrives, just simply activate the membership online or by phone, and choose the perfect monthly boxes - Classic, Dark, Mellow, Fortified or Rare Cocoa - featuring exclusive recipes created for Tasting Club members only by Hotel Chocolats chocolatiers.</p>\n<p>Members also have exclusive access to manage their boxes online, score every chocolate and order special edition collections.</p>\n<p><b>How it works:</b></p>\n<ol>\n<li>Your lucky recipient chooses a Chocolate Club - Classic, Dark, Mellow, Fortified or Rare Cocoa</li>\n<li>We ask for a few details including delivery preferences</li>\n<li>We deliver the chocolates straight to their door for them to enjoy</li>\n</ol>\n<p>With this purchase, we will send your selected recipient a digital gift card for a 3 month subscription along with a personalised message.</p>", "price": 60.0, "url": null, "img": "subscription_thumbnails/hotelchocolat.jpg", "reference": ""}}, {"model": "subscriptions_lib.subscription", "pk": 23, "fields": {"name": "Tasting Club 6 month subscription", "company": 8, "category": 6, "description": "<p>Treat a friend or family member to a chocolate subscription from Hotel Chocolat's Tasting Club.</p>\n<p>Receive a different box of exclusive new chocolate recipes every 4 weeks for 3 months. Our incredible subscription packs are sent out by post and allow the lucky recipient to become a Tasting Club Member.</p>\n<p>When the pack arrives, just simply activate the membership online or by phone, and choose the perfect monthly boxes - Classic, Dark, Mellow, Fortified or Rare Cocoa - featuring exclusive recipes created for Tasting Club members only by Hotel Chocolats chocolatiers.</p>\n<p>Members also have exclusive access to manage their boxes online, score every chocolate and order special edition collections.</p>\n<p><b>How it works:</b></p>\n<ol>\n<li>Your lucky recipient chooses a Chocolate Club - Classic, Dark, Mellow, Fortified or Rare Cocoa</li>\n<li>We ask for a few details including delivery preferences</li>\n<li>We deliver the chocolates straight to their door for them to enjoy</li>\n</ol>\n<p>With this purchase, we will send your selected recipient a digital gift card for a 6 month subscription along with a personalised message.</p>", "price": 110.0, "url": null, "img": "subscription_thumbnails/hotelchocolat.jpg", "reference": ""}}, {"model": "subscriptions_lib.subscription", "pk": 24, "fields": {"name": "Tasting Club 12 month subscription", "company": 8, "category": 6, "description": "<p>Treat a friend or family member to a chocolate subscription from Hotel Chocolat's Tasting Club.</p>\n<p>A years supply of chocolate! Receive a different box of exclusive new chocolate recipes every 4 weeks for 3 months. Our incredible subscription packs are sent out by post and allow the lucky recipient to become a Tasting Club Member.</p>\n<p>When the pack arrives, just simply activate the membership online or by phone, and choose the perfect monthly boxes - Classic, Dark, Mellow, Fortified or Rare Cocoa - featuring exclusive recipes created for Tasting Club members only by Hotel Chocolats chocolatiers.</p>\n<p>Members also have exclusive access to manage their boxes online, score every chocolate and order special edition collections.</p>\n<p><b>How it works:</b></p>\n<ol>\n<li>Your lucky recipient chooses a Chocolate Club - Classic, Dark, Mellow, Fortified or Rare Cocoa</li>\n<li>We ask for a few details including delivery preferences</li>\n<li>We deliver the chocolates straight to their door for them to enjoy</li>\n</ol>\n<p>With this purchase, we will send your selected recipient a digital gift card for a 12 month subscription along with a personalised message.</p>", "price": 195.0, "url": null, "img": "subscription_thumbnails/hotelchocolat.jpg", "reference": ""}}, {"model": "subscriptions_lib.subscription", "pk": 25, "fields": {"name": "3 month Colours & Flavours subscription - 2 bottles per month", "company": 9, "category": 0, "description": "<p>Know someone who loves wine? My Vitibox will get them from beginner to connoisseur in no time. Each month, they will receive two bottles of wine carefully selected by Alain Gousse, the former Head Sommelier of Michelin starred restaurants la Tour d\u2019Argent, le Crillon, le Pavillon de la Rotonde and le Hameau Albert 1er.</p>\n<p>Accompanying the wine is a fun but educational booklet that walks them through how to taste each of the wines in the box, along with definitions of wine jargon to look out for and some recipe ideas to follow the key food and wine pairing rules. They can even receive small bottles of wine aromas to train their nose!</p>\n<p><b>How it works:</b></p>\n<ol>\n<li>Your lucky recipient gets a voucher, which they can then use to subscribe on our website in a few clicks</li>\n<li>We deliver a wine box each month to the recipient's home</li>\n<li>The recipient has the option of purchasing his or her favourite wines at a 15% discount off the original price</li>\n</ol>\n<p>The Colours & Flarours wine subscription provides the lucky recipient with two great wines to make the best food and wine pairings each month</p>\n<p>With this purchase, we will send your selected recipient a digital gift card for a 3 month wine subscription (mixed) along with a personalised message.</p>", "price": 87.0, "url": null, "img": "subscription_thumbnails/myvitibox.jpg", "reference": ""}}, {"model": "subscriptions_lib.subscription", "pk": 26, "fields": {"name": "6 month Colours & Flavours subscription - 2 bottles per month", "company": 9, "category": 0, "description": "<p>Know someone who loves wine? My Vitibox will get them from beginner to connoisseur in no time. Each month, they will receive two bottles of wine carefully selected by Alain Gousse, the former Head Sommelier of Michelin starred restaurants la Tour d\u2019Argent, le Crillon, le Pavillon de la Rotonde and le Hameau Albert 1er.</p>\n<p>Accompanying the wine is a fun but educational booklet that walks them through how to taste each of the wines in the box, along with definitions of wine jargon to look out for and some recipe ideas to follow the key food and wine pairing rules. They can even receive small bottles of wine aromas to train their nose!</p>\n<p><b>How it works:</b></p>\n<ol>\n<li>Your lucky recipient gets a voucher, which they can then use to subscribe on our website in a few clicks</li>\n<li>We deliver a wine box each month to the recipient's home</li>\n<li>The recipient has the option of purchasing his or her favourite wines at a 15% discount off the original price</li>\n</ol>\n<p>The Colours & Flarours wine subscription provides the lucky recipient with two great wines to make the best food and wine pairings each month</p>\n<p>With this purchase, we will send your selected recipient a digital gift card for a 6 month wine subscription (mixed) along with a personalised message.</p>", "price": 168.0, "url": null, "img": "subscription_thumbnails/myvitibox.jpg", "reference": ""}}, {"model": "subscriptions_lib.subscription", "pk": 27, "fields": {"name": "3 month Red Passion subscription - 1 bottle per month", "company": 9, "category": 0, "description": "<p>Know someone who loves wine? My Vitibox will get them from beginner to connoisseur in no time. Each month, they will receive two bottles of wine carefully selected by Alain Gousse, the former Head Sommelier of Michelin starred restaurants la Tour d\u2019Argent, le Crillon, le Pavillon de la Rotonde and le Hameau Albert 1er.</p>\n<p>Accompanying the wine is a fun but educational booklet that walks them through how to taste each of the wines in the box, along with definitions of wine jargon to look out for and some recipe ideas to follow the key food and wine pairing rules. They can even receive small bottles of wine aromas to train their nose!</p>\n<p><b>How it works:</b></p>\n<ol>\n<li>Your lucky recipient gets a voucher, which they can then use to subscribe on our website in a few clicks</li>\n<li>We deliver a wine box each month to the recipient's home</li>\n<li>The recipient has the option of purchasing his or her favourite wines at a 15% discount off the original price</li>\n</ol>\n<p>This Red Passion wine subscription provides the lucky recipient with one amazing red wine selected by Alain Gousse and Le Figaro each month</p>\n<p>With this purchase, we will send your selected recipient a digital gift card for a 3 month wine subscription (red) along with a personalised message.</p>", "price": 84.0, "url": null, "img": "subscription_thumbnails/myvitibox.jpg", "reference": ""}}, {"model": "subscriptions_lib.subscription", "pk": 28, "fields": {"name": "6 month Red Passion subscription - 1 bottle per month", "company": 9, "category": 0, "description": "<p>Know someone who loves wine? My Vitibox will get them from beginner to connoisseur in no time. Each month, they will receive two bottles of wine carefully selected by Alain Gousse, the former Head Sommelier of Michelin starred restaurants la Tour d\u2019Argent, le Crillon, le Pavillon de la Rotonde and le Hameau Albert 1er.</p>\n<p>Accompanying the wine is a fun but educational booklet that walks them through how to taste each of the wines in the box, along with definitions of wine jargon to look out for and some recipe ideas to follow the key food and wine pairing rules. They can even receive small bottles of wine aromas to train their nose!</p>\n<p><b>How it works:</b></p>\n<ol>\n<li>Your lucky recipient gets a voucher, which they can then use to subscribe on our website in a few clicks</li>\n<li>We deliver a wine box each month to the recipient's home</li>\n<li>The recipient has the option of purchasing his or her favourite wines at a 15% discount off the original price</li>\n</ol>\n<p>This Red Passion wine subscription provides the lucky recipient with one amazing red wine selected by Alain Gousse and Le Figaro each month</p>\n<p>With this purchase, we will send your selected recipient a digital gift card for a 6 month wine subscription (red) along with a personalised message.</p>", "price": 162.0, "url": null, "img": "subscription_thumbnails/myvitibox.jpg", "reference": ""}}, {"model": "subscriptions_lib.subscription", "pk": 29, "fields": {"name": "3 month Red Passion subscription - 2 bottles per month", "company": 9, "category": 0, "description": "<p>Know someone who loves wine? My Vitibox will get them from beginner to connoisseur in no time. Each month, they will receive two bottles of wine carefully selected by Alain Gousse, the former Head Sommelier of Michelin starred restaurants la Tour d\u2019Argent, le Crillon, le Pavillon de la Rotonde and le Hameau Albert 1er.</p>\n<p>Accompanying the wine is a fun but educational booklet that walks them through how to taste each of the wines in the box, along with definitions of wine jargon to look out for and some recipe ideas to follow the key food and wine pairing rules. They can even receive small bottles of wine aromas to train their nose!</p>\n<p><b>How it works:</b></p>\n<ol>\n<li>Your lucky recipient gets a voucher, which they can then use to subscribe on our website in a few clicks</li>\n<li>We deliver a wine box each month to the recipient's home</li>\n<li>The recipient has the option of purchasing his or her favourite wines at a 15% discount off the original price</li>\n</ol>\n<p>This Red Passion wine subscription provides the lucky recipient with two amazing red wines selected by Alain Gousse and Le Figaro each month</p>\n<p>With this purchase, we will send your selected recipient a digital gift card for a 3 month wine subscription (red) along with a personalised message.</p>", "price": 123.0, "url": null, "img": "subscription_thumbnails/myvitibox.jpg", "reference": ""}}, {"model": "subscriptions_lib.subscription", "pk": 30, "fields": {"name": "6 month Red Passion subscription - 2 bottles per month", "company": 9, "category": 0, "description": "<p>Know someone who loves wine? My Vitibox will get them from beginner to connoisseur in no time. Each month, they will receive two bottles of wine carefully selected by Alain Gousse, the former Head Sommelier of Michelin starred restaurants la Tour d\u2019Argent, le Crillon, le Pavillon de la Rotonde and le Hameau Albert 1er.</p>\n<p>Accompanying the wine is a fun but educational booklet that walks them through how to taste each of the wines in the box, along with definitions of wine jargon to look out for and some recipe ideas to follow the key food and wine pairing rules. They can even receive small bottles of wine aromas to train their nose!</p>\n<p><b>How it works:</b></p>\n<ol>\n<li>Your lucky recipient gets a voucher, which they can then use to subscribe on our website in a few clicks</li>\n<li>We deliver a wine box each month to the recipient's home</li>\n<li>The recipient has the option of purchasing his or her favourite wines at a 15% discount off the original price</li>\n</ol>\n<p>This Red Passion wine subscription provides the lucky recipient with two amazing red wines selected by Alain Gousse and Le Figaro each month</p>\n<p>With this purchase, we will send your selected recipient a digital gift card for a 6 month wine subscription (red) along with a personalised message.</p>", "price": 240.0, "url": null, "img": "subscription_thumbnails/myvitibox.jpg", "reference": ""}}, {"model": "subscriptions_lib.subscription", "pk": 31, "fields": {"name": "Taste of Bubbles - 3 month membership", "company": 10, "category": 0, "description": "<p>Bubble Club subscription is the perfect gift for the sparkling wine lover in your life, whatever the occasion.</p>\n<p>Each Bubble Box is always a complete surprise until arrives, but is guaranteed to be packed with two delicious bottles of sparkling wine, gourmet goodies and our glossy club magazine.</p>\n<p><b>How it works:</b></p>\n<ol>\n<li>Upon purchase, we will email the recipient with a gift certificate</li>\n<li>Your recipient logs on to our webstie to claim their gift subscription</li>\n<li>Your gift keeps on giving, month after month</li>\n</ol>\n<p>Our subscription provides new sparkling wines that you won't find in your local supermarket.</p>\n<p>With this purchase, we will send your selected recipient a digital gift card for a 3 month subscription along with a personalised message.</p>", "price": 99.0, "url": null, "img": "subscription_thumbnails/bubbleclub.jpg", "reference": ""}}, {"model": "subscriptions_lib.subscription", "pk": 32, "fields": {"name": "Year of Bubbles - Bi-monthly membership", "company": 10, "category": 0, "description": "<p>Bubble Club subscription is the perfect gift for the sparkling wine lover in your life, whatever the occasion.</p>\n<p>Each Bubble Box is always a complete surprise until arrives, but is guaranteed to be packed with two delicious bottles of sparkling wine, gourmet goodies and our glossy club magazine.</p>\n<p><b>How it works:</b></p>\n<ol>\n<li>Upon purchase, we will email the recipient with a gift certificate</li>\n<li>Your recipient logs on to our webstie to claim their gift subscription</li>\n<li>Your gift keeps on giving, month after month</li>\n</ol>\n<p>Our subscription provides new sparkling wines that you won't find in your local supermarket.</p>\n<p>With this purchase, we will send your selected recipient a digital gift card for a 6 month subscription along with a personalised message.</p>", "price": 198.0, "url": null, "img": "subscription_thumbnails/bubbleclub.jpg", "reference": ""}}, {"model": "subscriptions_lib.subscription", "pk": 33, "fields": {"name": "Year of Bubbles - Monthly membership", "company": 10, "category": 0, "description": "<p>Bubble Club subscription is the perfect gift for the sparkling wine lover in your life, whatever the occasion.</p>\n<p>Each Bubble Box is always a complete surprise until arrives, but is guaranteed to be packed with two delicious bottles of sparkling wine, gourmet goodies and our glossy club magazine.</p>\n<p><b>How it works:</b></p>\n<ol>\n<li>Upon purchase, we will email the recipient with a gift certificate</li>\n<li>Your recipient logs on to our webstie to claim their gift subscription</li>\n<li>Your gift keeps on giving, month after month</li>\n</ol>\n<p>Our subscription provides new sparkling wines that you won't find in your local supermarket.</p>\n<p>With this purchase, we will send your selected recipient a digital gift card for a 12 month subscription along with a personalised message.</p>", "price": 396.0, "url": null, "img": "subscription_thumbnails/bubbleclub.jpg", "reference": ""}}, {"model": "subscriptions_lib.subscription", "pk": 34, "fields": {"name": "3 months of surprise presents", "company": 11, "category": 9, "description": "<p>Know someone who has everything and is impossible to buy gifts for? Or simply want to say \"I'm thinking of you\" every month?</p>\n<p>Gift a subscription for Not-Another-Bill and each month your lucky recipient will receive a carefully curated & beautifully wrapped surprise present in the post. As well as making letterboxes a more magical place, our aim is to introduce subscribers to exclusive items from great artists, designers and brands.</p>\n<p>From our boxes, ribbons and beautiful tissue paper to the personalised letter explaining about the present, we really consider how the whole experience looks and feels.</p>\n<p><b>How it works:</b></p>\n<ol>\n<li>We send a digital gift card to your lucky recipient</li>\n<li>Your recipient will get to select his preferences and style</li>\n<li>Each month, we'll send a surprise to suit</li>\n</ol>\n<blockquote class=\"blockquote\">\n  <p class=\"mb-0\">I have used your service for a friend, and she absolutely LOVED her gifts. It\u2019s such a great idea, and I\u2019m just hoping that, if I drop enough hints, someone will treat me to a subscription too!</p>\n  <footer class=\"blockquote-footer\"><cite title=\"Source Title\">Customer</cite></footer>\n</blockquote>\n<p>With this purchase, we will send your selected recipient a digital gift card for a 3 month subscription with a personalised message.</p>", "price": 69.0, "url": null, "img": "subscription_thumbnails/not-another-bill.jpg", "reference": ""}}, {"model": "subscriptions_lib.subscription", "pk": 35, "fields": {"name": "6 months of surprise presents", "company": 11, "category": 9, "description": "<p>Know someone who has everything and is impossible to buy gifts for? Or simply want to say \"I'm thinking of you\" every month?</p>\n<p>Gift a subscription for Not-Another-Bill and each month your lucky recipient will receive a carefully curated & beautifully wrapped surprise present in the post. As well as making letterboxes a more magical place, our aim is to introduce subscribers to exclusive items from great artists, designers and brands.</p>\n<p>From our boxes, ribbons and beautiful tissue paper to the personalised letter explaining about the present, we really consider how the whole experience looks and feels.</p>\n<p><b>How it works:</b></p>\n<ol>\n<li>We send a digital gift card to your lucky recipient</li>\n<li>Your recipient will get to select his preferences and style</li>\n<li>Each month, we'll send a surprise to suit</li>\n</ol>\n<blockquote class=\"blockquote\">\n  <p class=\"mb-0\">I have used your service for a friend, and she absolutely LOVED her gifts. It\u2019s such a great idea, and I\u2019m just hoping that, if I drop enough hints, someone will treat me to a subscription too!</p>\n  <footer class=\"blockquote-footer\"><cite title=\"Source Title\">Customer</cite></footer>\n</blockquote>\n<p>With this purchase, we will send your selected recipient a digital gift card for a 6 month subscription with a personalised message.</p>", "price": 129.0, "url": null, "img": "subscription_thumbnails/not-another-bill.jpg", "reference": ""}}, {"model": "subscriptions_lib.subscription", "pk": 36, "fields": {"name": "12 months of surprise presents", "company": 11, "category": 9, "description": "<p>Know someone who has everything and is impossible to buy gifts for? Or simply want to say \"I'm thinking of you\" every month?</p>\n<p>Gift a subscription for Not-Another-Bill and each month your lucky recipient will receive a carefully curated & beautifully wrapped surprise present in the post. As well as making letterboxes a more magical place, our aim is to introduce subscribers to exclusive items from great artists, designers and brands.</p>\n<p>From our boxes, ribbons and beautiful tissue paper to the personalised letter explaining about the present, we really consider how the whole experience looks and feels.</p>\n<p><b>How it works:</b></p>\n<ol>\n<li>We send a digital gift card to your lucky recipient</li>\n<li>Your recipient will get to select his preferences and style</li>\n<li>Each month, we'll send a surprise to suit</li>\n</ol>\n<blockquote class=\"blockquote\">\n  <p class=\"mb-0\">I have used your service for a friend, and she absolutely LOVED her gifts. It\u2019s such a great idea, and I\u2019m just hoping that, if I drop enough hints, someone will treat me to a subscription too!</p>\n  <footer class=\"blockquote-footer\"><cite title=\"Source Title\">Customer</cite></footer>\n</blockquote>\n<p>With this purchase, we will send your selected recipient a digital gift card for a 12 month subscription with a personalised message.</p>", "price": 229.0, "url": null, "img": "subscription_thumbnails/not-another-bill.jpg", "reference": ""}}, {"model": "subscriptions_lib.subscription", "pk": 37, "fields": {"name": "3 month beauty box subscription", "company": 12, "category": 1, "description": "<p>Know someone who is a lover of all things beauty? Each month GLOSSYBOX delivers 5 must-have beauty products straight to their door, perfectly packaged in our signature box.</p>\n<p>The expert team at GLOSSYBOX carefully curates every beauty box, vetting each brand to the highest quality standards and ensuring every selection meets their beauty needs.</p>\n<p>Inclusive of luxury, niche and emerging brands, GLOSSYBOX offers the best service in beauty discovery as well as the latest beauty tips and tricks for your lucky recipient to trial and test.</p>\n<p>We have created a 360 experience that transcends beyond the box with expert beauty advice and features from some of the industry's finest on our online magazine, Beauty Unboxed.</p>\n<p>Save your loved one hours of trawling the internet and department stores for the perfect perfume and that flawless foundation, we do the hard work so that they don\u2019t have to.</p>\n<p><b>How it works:</b></p>\n<ol>\n<li>A gift card subscription will be sent automatically to the recipient via email</li>\n<li>The recipient can activate their gift card subscription at any time</li>\n<li>Each month, we'll deliver 5 beauty products to give them their beauty fix in a gorgeous box</li>\n</ol>\n<p>The leading beauty subscription service offers an ideal present for all occasions so whether you\u2019re looking for a Christmas present, birthday present, Mother\u2019s Day gift or even a Valentine\u2019s Day surprise for someone special, GLOSSYBOX has you covered!</p>\n<p>With this purchase, we will send your selected recipient a digital gift card for a 3 month subscription with a personalised message.</p>", "price": 28.5, "url": null, "img": "subscription_thumbnails/glossybox.jpg", "reference": ""}}, {"model": "subscriptions_lib.subscription", "pk": 38, "fields": {"name": "6 month beauty box subscription", "company": 12, "category": 1, "description": "<p>Know someone who is a lover of all things beauty? Each month GLOSSYBOX delivers 5 must-have beauty products straight to their door, perfectly packaged in our signature box.</p>\n<p>The expert team at GLOSSYBOX carefully curates every beauty box, vetting each brand to the highest quality standards and ensuring every selection meets their beauty needs.</p>\n<p>Inclusive of luxury, niche and emerging brands, GLOSSYBOX offers the best service in beauty discovery as well as the latest beauty tips and tricks for your lucky recipient to trial and test.</p>\n<p>We have created a 360 experience that transcends beyond the box with expert beauty advice and features from some of the industry's finest on our online magazine, Beauty Unboxed.</p>\n<p>Save your loved one hours of trawling the internet and department stores for the perfect perfume and that flawless foundation, we do the hard work so that they don\u2019t have to.</p>\n<p><b>How it works:</b></p>\n<ol>\n<li>A gift card subscription will be sent automatically to the recipient via email</li>\n<li>The recipient can activate their gift card subscription at any time</li>\n<li>Each month, we'll deliver 5 beauty products to give them their beauty fix in a gorgeous box</li>\n</ol>\n<p>The leading beauty subscription service offers an ideal present for all occasions so whether you\u2019re looking for a Christmas present, birthday present, Mother\u2019s Day gift or even a Valentine\u2019s Day surprise for someone special, GLOSSYBOX has you covered!</p>\n<p>With this purchase, we will send your selected recipient a digital gift card for a 6 month subscription with a personalised message.</p>", "price": 54.0, "url": null, "img": "subscription_thumbnails/glossybox.jpg", "reference": ""}}, {"model": "subscriptions_lib.subscription", "pk": 39, "fields": {"name": "12 month beauty box subscription", "company": 12, "category": 1, "description": "<p>Know someone who is a lover of all things beauty? Each month GLOSSYBOX delivers 5 must-have beauty products straight to their door, perfectly packaged in our signature box.</p>\n<p>The expert team at GLOSSYBOX carefully curates every beauty box, vetting each brand to the highest quality standards and ensuring every selection meets their beauty needs.</p>\n<p>Inclusive of luxury, niche and emerging brands, GLOSSYBOX offers the best service in beauty discovery as well as the latest beauty tips and tricks for your lucky recipient to trial and test.</p>\n<p>We have created a 360 experience that transcends beyond the box with expert beauty advice and features from some of the industry's finest on our online magazine, Beauty Unboxed.</p>\n<p>Save your loved one hours of trawling the internet and department stores for the perfect perfume and that flawless foundation, we do the hard work so that they don\u2019t have to.</p>\n<p><b>How it works:</b></p>\n<ol>\n<li>A gift card subscription will be sent automatically to the recipient via email</li>\n<li>The recipient can activate their gift card subscription at any time</li>\n<li>Each month, we'll deliver 5 beauty products to give them their beauty fix in a gorgeous box</li>\n</ol>\n<p>The leading beauty subscription service offers an ideal present for all occasions so whether you\u2019re looking for a Christmas present, birthday present, Mother\u2019s Day gift or even a Valentine\u2019s Day surprise for someone special, GLOSSYBOX has you covered!</p>\n<p>With this purchase, we will send your selected recipient a digital gift card for a 12 month subscription with a personalised message.</p>", "price": 102.0, "url": null, "img": "subscription_thumbnails/glossybox.jpg", "reference": ""}}, {"model": "subscriptions_lib.subscription", "pk": 40, "fields": {"name": "3 months of Mini Japan Crate subscription", "company": 5, "category": 6, "description": "<p>Send crazy and exlucisve Japanese candy monthly!</p>\n<p>Your lucky recipient will get to try anything from Do-It-Yourself sushi kits to Vanilla Ice Cream Kit Kats. Our goal is to share the fun and unique experience of Japanese culture through candy.</p>\n<p>We work directly with Japanese manufacturers and attend seasonal candy trade shows in Tokyo & Osaka to ensure that they receive the newest and most exclusive products available. We strive to send products that can only be found in Japan.</p>\n<p><b>What they get exactly:</b></p>\n<p>Mini Japan Crates include 0.5 pounds (~5 items) of crazy, full-size Japanese candy & snacks and a custom manga-zine with translations, contests and more in every shipment.</p>\n<p><b>How it works:</b></p>\n<ol>\n<li>Buy a gift subscription for your lucky recipient</li>\n<li>Every month, our team handpicks a mystery assortment of Japanese candy and packs it into a crate</li>\n<li>We send over the crate and your recipient gets to indulge in the awesome goodies</li>\n</ol>\n<p>With this purchase, we will send your selected recipient a digital gift card for a 3 month subscription with a personalised message.</p>", "price": 34.0, "url": null, "img": "subscription_thumbnails/japancrate1.jpg", "reference": ""}}, {"model": "subscriptions_lib.subscription", "pk": 41, "fields": {"name": "6 months of Mini Japan Crate subscription", "company": 5, "category": 6, "description": "<p>Send crazy and exlucisve Japanese candy monthly!</p>\n<p>Your lucky recipient will get to try anything from Do-It-Yourself sushi kits to Vanilla Ice Cream Kit Kats. Our goal is to share the fun and unique experience of Japanese culture through candy.</p>\n<p>We work directly with Japanese manufacturers and attend seasonal candy trade shows in Tokyo & Osaka to ensure that they receive the newest and most exclusive products available. We strive to send products that can only be found in Japan.</p>\n<p><b>What they get exactly:</b></p>\n<p>Mini Japan Crates include 0.5 pounds (~5 items) of crazy, full-size Japanese candy & snacks and a custom manga-zine with translations, contests and more in every shipment.</p>\n<p><b>How it works:</b></p>\n<ol>\n<li>Buy a gift subscription for your lucky recipient</li>\n<li>Every month, our team handpicks a mystery assortment of Japanese candy and packs it into a crate</li>\n<li>We send over the crate and your recipient gets to indulge in the awesome goodies</li>\n</ol>\n<p>With this purchase, we will send your selected recipient a digital gift card for a 6 month subscription with a personalised message.</p>", "price": 66.0, "url": null, "img": "subscription_thumbnails/japancrate1.jpg", "reference": ""}}, {"model": "subscriptions_lib.subscription", "pk": 42, "fields": {"name": "3 months of Original Japan Crate subscription", "company": 5, "category": 6, "description": "<p>Send crazy and exlucisve Japanese candy monthly!</p>\n<p>Your lucky recipient will get to try anything from Do-It-Yourself sushi kits to Vanilla Ice Cream Kit Kats. Our goal is to share the fun and unique experience of Japanese culture through candy.</p>\n<p>We work directly with Japanese manufacturers and attend seasonal candy trade shows in Tokyo & Osaka to ensure that they receive the newest and most exclusive products available. We strive to send products that can only be found in Japan.</p>\n<p><b>What they get exactly:</b></p>\n<p>Original Japan Crates include 1.5 pounds (~10 items) of crazy, full-size Japanese candy & snacks including a guaranteed DIY kit, and a custom manga-zine with translations, contests and more in every shipment.</p>\n<p><b>How it works:</b></p>\n<ol>\n<li>Buy a gift subscription for your lucky recipient</li>\n<li>Every month, our team handpicks a mystery assortment of Japanese candy and packs it into a crate</li>\n<li>We send over the crate and your recipient gets to indulge in the awesome goodies</li>\n</ol>\n<p>With this purchase, we will send your selected recipient a digital gift card for a 3 month subscription with a personalised message.</p>", "price": 72.0, "url": null, "img": "subscription_thumbnails/japancrate2.jpg", "reference": ""}}, {"model": "subscriptions_lib.subscription", "pk": 43, "fields": {"name": "6 months of Original Japan Crate subscription", "company": 5, "category": 6, "description": "<p>Send crazy and exlucisve Japanese candy monthly!</p>\n<p>Your lucky recipient will get to try anything from Do-It-Yourself sushi kits to Vanilla Ice Cream Kit Kats. Our goal is to share the fun and unique experience of Japanese culture through candy.</p>\n<p>We work directly with Japanese manufacturers and attend seasonal candy trade shows in Tokyo & Osaka to ensure that they receive the newest and most exclusive products available. We strive to send products that can only be found in Japan.</p>\n<p><b>What they get exactly:</b></p>\n<p>Original Japan Crates include 1.5 pounds (~10 items) of crazy, full-size Japanese candy & snacks including a guaranteed DIY kit, and a custom manga-zine with translations, contests and more in every shipment.</p>\n<p><b>How it works:</b></p>\n<ol>\n<li>Buy a gift subscription for your lucky recipient</li>\n<li>Every month, our team handpicks a mystery assortment of Japanese candy and packs it into a crate</li>\n<li>We send over the crate and your recipient gets to indulge in the awesome goodies</li>\n</ol>\n<p>With this purchase, we will send your selected recipient a digital gift card for a 6 month subscription with a personalised message.</p>", "price": 140.0, "url": null, "img": "subscription_thumbnails/japancrate2.jpg", "reference": ""}}, {"model": "subscriptions_lib.subscription", "pk": 44, "fields": {"name": "3 months of Premium Japan Crate subscription", "company": 5, "category": 6, "description": "<p>Send crazy and exlucisve Japanese candy monthly!</p>\n<p>Your lucky recipient will get to try anything from Do-It-Yourself sushi kits to Vanilla Ice Cream Kit Kats. Our goal is to share the fun and unique experience of Japanese culture through candy.</p>\n<p>We work directly with Japanese manufacturers and attend seasonal candy trade shows in Tokyo & Osaka to ensure that they receive the newest and most exclusive products available. We strive to send products that can only be found in Japan.</p>\n<p><b>What they get exactly:</b></p>\n<p>Premium Japan Crates include 2.5 pounds (~15 items) of crazy, full-size Japanese candy & snacks, a revolving bonus item (from licensed Zelda collectibles, to exclusive candy), a Japan-exclusive drink, and a custom manga-zine with translations, contests and more in every shipment.</p>\n<p><b>How it works:</b></p>\n<ol>\n<li>Buy a gift subscription for your lucky recipient</li>\n<li>Every month, our team handpicks a mystery assortment of Japanese candy and packs it into a crate</li>\n<li>We send over the crate and your recipient gets to indulge in the awesome goodies</li>\n</ol>\n<p>With this purchase, we will send your selected recipient a digital gift card for a 3 month subscription with a personalised message.</p>", "price": 87.0, "url": null, "img": "subscription_thumbnails/japancrate3.jpg", "reference": ""}}, {"model": "subscriptions_lib.subscription", "pk": 45, "fields": {"name": "6 months of Premium Japan Crate subscription", "company": 5, "category": 6, "description": "<p>Send crazy and exlucisve Japanese candy monthly!</p>\r\n<p>Your lucky recipient will get to try anything from Do-It-Yourself sushi kits to Vanilla Ice Cream Kit Kats. Our goal is to share the fun and unique experience of Japanese culture through candy.</p>\r\n<p>We work directly with Japanese manufacturers and attend seasonal candy trade shows in Tokyo & Osaka to ensure that they receive the newest and most exclusive products available. We strive to send products that can only be found in Japan.</p>\r\n<p><b>What they get exactly:</b></p>\r\n<p>Premium Japan Crates include 2.5 pounds (~15 items) of crazy, full-size Japanese candy & snacks, a revolving bonus item (from licensed Zelda collectibles, to exclusive candy), a Japan-exclusive drink, and a custom manga-zine with translations, contests and more in every shipment.</p>\r\n<p><b>How it works:</b></p>\r\n<ol>\r\n<li>Buy a gift subscription for your lucky recipient</li>\r\n<li>Every month, our team handpicks a mystery assortment of Japanese candy and packs it into a crate</li>\r\n<li>We send over the crate and your recipient gets to indulge in the awesome goodies</li>\r\n</ol>\r\n<p>With this purchase, we will send your selected recipient a digital gift card for a 6 month subscription with a personalised message.</p>", "price": 170.0, "url": "", "img": "subscription_thumbnails/japancrate3.jpg", "reference": ""}}, {"model": "faq.faqcategory", "pk": 0, "fields": {"name": "General"}}, {"model": "faq.faqcategory", "pk": 1, "fields": {"name": "Delivery"}}, {"model": "faq.faqcategory", "pk": 2, "fields": {"name": "Returns and cancellations"}}, {"model": "faq.faqcategory", "pk": 3, "fields": {"name": "Partnerships"}}, {"model": "faq.faqcategory", "pk": 4, "fields": {"name": "Other"}}, {"model": "faq.faqentry", "pk": 0, "fields": {"category": 0, "question": "What is Send-a-Subscription?", "answer": "We are a platform bringing together all sorts of different subscriptions, enabling people to easily discover, compare, and decide on unique subscription gifts."}}, {"model": "faq.faqentry", "pk": 1, "fields": {"category": 0, "question": "Why isn't subscription X featured on your site?", "answer": "We ultimately aim to feature a universal directory of all the best subscriptions out there. However, we are really young and still growing, and more work needs to be done before we can bring in all these wonderful products. Rest assured we are working hard on it!"}}, {"model": "faq.faqentry", "pk": 2, "fields": {"category": 1, "question": "How will the person I'm gifting to receive the subscription?", "answer": "The lucky recipient will get an e-certificate for the subscription through his email inbox, and will be able to activate the subscription from there. In some cases, the company might ask him or her to set up an account with them to specify their personal preferences for the subscription gift."}}, {"model": "faq.faqentry", "pk": 3, "fields": {"category": 1, "question": "How do I know the person I have gifted my subscription to has received the gift?", "answer": "We will send you a confirmation email when the subscription gift has been processed. You may also discover a significant uptick in the person's mood and relations towards you during your next encounter."}}, {"model": "faq.faqentry", "pk": 4, "fields": {"category": 2, "question": "I've changed my mind. Can I cancel my subscription gift?", "answer": "We can cancel your order and refund the entire amount to your card as long as the transaction has not been processed yet. Unfortunately we cannot offer any refunds at the present moment if your order has already gone through."}}, {"model": "faq.faqentry", "pk": 5, "fields": {"category": 3, "question": "I love your website and want to get my company featured on it. How can I partner up with you?", "answer": "Glad that you support our idea and want to partner up with us! You can reach out to us on our <a href=\"/contact\">contact page</a> and we will get in touch with you as soon as we can."}}, {"model": "faq.faqentry", "pk": 6, "fields": {"category": 4, "question": "These are not the questions I am looking for.", "answer": "These answers will do fine. Just kidding! Hit us up on our <a href=\"/contact\">contact page</a> and we will aim to get back to you on your queries as soon as we can."}}, {"model": "auth.permission", "pk": 1, "fields": {"name": "Can add log entry", "content_type": 1, "codename": "add_logentry"}}, {"model": "auth.permission", "pk": 2, "fields": {"name": "Can change log entry", "content_type": 1, "codename": "change_logentry"}}, {"model": "auth.permission", "pk": 3, "fields": {"name": "Can delete log entry", "content_type": 1, "codename": "delete_logentry"}}, {"model": "auth.permission", "pk": 4, "fields": {"name": "Can add user", "content_type": 2, "codename": "add_user"}}, {"model": "auth.permission", "pk": 5, "fields": {"name": "Can change user", "content_type": 2, "codename": "change_user"}}, {"model": "auth.permission", "pk": 6, "fields": {"name": "Can delete user", "content_type": 2, "codename": "delete_user"}}, {"model": "auth.permission", "pk": 7, "fields": {"name": "Can add permission", "content_type": 3, "codename": "add_permission"}}, {"model": "auth.permission", "pk": 8, "fields": {"name": "Can change permission", "content_type": 3, "codename": "change_permission"}}, {"model": "auth.permission", "pk": 9, "fields": {"name": "Can delete permission", "content_type": 3, "codename": "delete_permission"}}, {"model": "auth.permission", "pk": 10, "fields": {"name": "Can add group", "content_type": 4, "codename": "add_group"}}, {"model": "auth.permission", "pk": 11, "fields": {"name": "Can change group", "content_type": 4, "codename": "change_group"}}, {"model": "auth.permission", "pk": 12, "fields": {"name": "Can delete group", "content_type": 4, "codename": "delete_group"}}, {"model": "auth.permission", "pk": 13, "fields": {"name": "Can add content type", "content_type": 5, "codename": "add_contenttype"}}, {"model": "auth.permission", "pk": 14, "fields": {"name": "Can change content type", "content_type": 5, "codename": "change_contenttype"}}, {"model": "auth.permission", "pk": 15, "fields": {"name": "Can delete content type", "content_type": 5, "codename": "delete_contenttype"}}, {"model": "auth.permission", "pk": 16, "fields": {"name": "Can add session", "content_type": 6, "codename": "add_session"}}, {"model": "auth.permission", "pk": 17, "fields": {"name": "Can change session", "content_type": 6, "codename": "change_session"}}, {"model": "auth.permission", "pk": 18, "fields": {"name": "Can delete session", "content_type": 6, "codename": "delete_session"}}, {"model": "auth.permission", "pk": 19, "fields": {"name": "Can add site", "content_type": 7, "codename": "add_site"}}, {"model": "auth.permission", "pk": 20, "fields": {"name": "Can change site", "content_type": 7, "codename": "change_site"}}, {"model": "auth.permission", "pk": 21, "fields": {"name": "Can delete site", "content_type": 7, "codename": "delete_site"}}, {"model": "auth.permission", "pk": 22, "fields": {"name": "Can add Tag", "content_type": 8, "codename": "add_tag"}}, {"model": "auth.permission", "pk": 23, "fields": {"name": "Can change Tag", "content_type": 8, "codename": "change_tag"}}, {"model": "auth.permission", "pk": 24, "fields": {"name": "Can delete Tag", "content_type": 8, "codename": "delete_tag"}}, {"model": "auth.permission", "pk": 25, "fields": {"name": "Can add Tagged Item", "content_type": 9, "codename": "add_taggeditem"}}, {"model": "auth.permission", "pk": 26, "fields": {"name": "Can change Tagged Item", "content_type": 9, "codename": "change_taggeditem"}}, {"model": "auth.permission", "pk": 27, "fields": {"name": "Can delete Tagged Item", "content_type": 9, "codename": "delete_taggeditem"}}, {"model": "auth.permission", "pk": 28, "fields": {"name": "Can add password history", "content_type": 10, "codename": "add_passwordhistory"}}, {"model": "auth.permission", "pk": 29, "fields": {"name": "Can change password history", "content_type": 10, "codename": "change_passwordhistory"}}, {"model": "auth.permission", "pk": 30, "fields": {"name": "Can delete password history", "content_type": 10, "codename": "delete_passwordhistory"}}, {"model": "auth.permission", "pk": 31, "fields": {"name": "Can add email address", "content_type": 11, "codename": "add_emailaddress"}}, {"model": "auth.permission", "pk": 32, "fields": {"name": "Can change email address", "content_type": 11, "codename": "change_emailaddress"}}, {"model": "auth.permission", "pk": 33, "fields": {"name": "Can delete email address", "content_type": 11, "codename": "delete_emailaddress"}}, {"model": "auth.permission", "pk": 34, "fields": {"name": "Can add account", "content_type": 12, "codename": "add_account"}}, {"model": "auth.permission", "pk": 35, "fields": {"name": "Can change account", "content_type": 12, "codename": "change_account"}}, {"model": "auth.permission", "pk": 36, "fields": {"name": "Can delete account", "content_type": 12, "codename": "delete_account"}}, {"model": "auth.permission", "pk": 37, "fields": {"name": "Can add email confirmation", "content_type": 13, "codename": "add_emailconfirmation"}}, {"model": "auth.permission", "pk": 38, "fields": {"name": "Can change email confirmation", "content_type": 13, "codename": "change_emailconfirmation"}}, {"model": "auth.permission", "pk": 39, "fields": {"name": "Can delete email confirmation", "content_type": 13, "codename": "delete_emailconfirmation"}}, {"model": "auth.permission", "pk": 40, "fields": {"name": "Can add account deletion", "content_type": 14, "codename": "add_accountdeletion"}}, {"model": "auth.permission", "pk": 41, "fields": {"name": "Can change account deletion", "content_type": 14, "codename": "change_accountdeletion"}}, {"model": "auth.permission", "pk": 42, "fields": {"name": "Can delete account deletion", "content_type": 14, "codename": "delete_accountdeletion"}}, {"model": "auth.permission", "pk": 43, "fields": {"name": "Can add signup code result", "content_type": 15, "codename": "add_signupcoderesult"}}, {"model": "auth.permission", "pk": 44, "fields": {"name": "Can change signup code result", "content_type": 15, "codename": "change_signupcoderesult"}}, {"model": "auth.permission", "pk": 45, "fields": {"name": "Can delete signup code result", "content_type": 15, "codename": "delete_signupcoderesult"}}, {"model": "auth.permission", "pk": 46, "fields": {"name": "Can add password expiry", "content_type": 16, "codename": "add_passwordexpiry"}}, {"model": "auth.permission", "pk": 47, "fields": {"name": "Can change password expiry", "content_type": 16, "codename": "change_passwordexpiry"}}, {"model": "auth.permission", "pk": 48, "fields": {"name": "Can delete password expiry", "content_type": 16, "codename": "delete_passwordexpiry"}}, {"model": "auth.permission", "pk": 49, "fields": {"name": "Can add signup code", "content_type": 17, "codename": "add_signupcode"}}, {"model": "auth.permission", "pk": 50, "fields": {"name": "Can change signup code", "content_type": 17, "codename": "change_signupcode"}}, {"model": "auth.permission", "pk": 51, "fields": {"name": "Can delete signup code", "content_type": 17, "codename": "delete_signupcode"}}, {"model": "auth.permission", "pk": 52, "fields": {"name": "Can add customer", "content_type": 18, "codename": "add_customer"}}, {"model": "auth.permission", "pk": 53, "fields": {"name": "Can change customer", "content_type": 18, "codename": "change_customer"}}, {"model": "auth.permission", "pk": 54, "fields": {"name": "Can delete customer", "content_type": 18, "codename": "delete_customer"}}, {"model": "auth.permission", "pk": 55, "fields": {"name": "Can add order", "content_type": 19, "codename": "add_order"}}, {"model": "auth.permission", "pk": 56, "fields": {"name": "Can change order", "content_type": 19, "codename": "change_order"}}, {"model": "auth.permission", "pk": 57, "fields": {"name": "Can delete order", "content_type": 19, "codename": "delete_order"}}, {"model": "auth.permission", "pk": 58, "fields": {"name": "Can add giftee", "content_type": 20, "codename": "add_giftee"}}, {"model": "auth.permission", "pk": 59, "fields": {"name": "Can change giftee", "content_type": 20, "codename": "change_giftee"}}, {"model": "auth.permission", "pk": 60, "fields": {"name": "Can delete giftee", "content_type": 20, "codename": "delete_giftee"}}, {"model": "auth.permission", "pk": 61, "fields": {"name": "Can add tagged subscription", "content_type": 21, "codename": "add_taggedsubscription"}}, {"model": "auth.permission", "pk": 62, "fields": {"name": "Can change tagged subscription", "content_type": 21, "codename": "change_taggedsubscription"}}, {"model": "auth.permission", "pk": 63, "fields": {"name": "Can delete tagged subscription", "content_type": 21, "codename": "delete_taggedsubscription"}}, {"model": "auth.permission", "pk": 64, "fields": {"name": "Can add category", "content_type": 22, "codename": "add_category"}}, {"model": "auth.permission", "pk": 65, "fields": {"name": "Can change category", "content_type": 22, "codename": "change_category"}}, {"model": "auth.permission", "pk": 66, "fields": {"name": "Can delete category", "content_type": 22, "codename": "delete_category"}}, {"model": "auth.permission", "pk": 67, "fields": {"name": "Can add company", "content_type": 23, "codename": "add_company"}}, {"model": "auth.permission", "pk": 68, "fields": {"name": "Can change company", "content_type": 23, "codename": "change_company"}}, {"model": "auth.permission", "pk": 69, "fields": {"name": "Can delete company", "content_type": 23, "codename": "delete_company"}}, {"model": "auth.permission", "pk": 70, "fields": {"name": "Can add subscription", "content_type": 24, "codename": "add_subscription"}}, {"model": "auth.permission", "pk": 71, "fields": {"name": "Can change subscription", "content_type": 24, "codename": "change_subscription"}}, {"model": "auth.permission", "pk": 72, "fields": {"name": "Can delete subscription", "content_type": 24, "codename": "delete_subscription"}}, {"model": "auth.permission", "pk": 73, "fields": {"name": "Can add faq category", "content_type": 25, "codename": "add_faqcategory"}}, {"model": "auth.permission", "pk": 74, "fields": {"name": "Can change faq category", "content_type": 25, "codename": "change_faqcategory"}}, {"model": "auth.permission", "pk": 75, "fields": {"name": "Can delete faq category", "content_type": 25, "codename": "delete_faqcategory"}}, {"model": "auth.permission", "pk": 76, "fields": {"name": "Can add faq entry", "content_type": 26, "codename": "add_faqentry"}}, {"model": "auth.permission", "pk": 77, "fields": {"name": "Can change faq entry", "content_type": 26, "codename": "change_faqentry"}}, {"model": "auth.permission", "pk": 78, "fields": {"name": "Can delete faq entry", "content_type": 26, "codename": "delete_faqentry"}}, {"model": "auth.user", "pk": 1, "fields": {"password": "pbkdf2_sha256$30000$HKTIUqmWEd7D$xAPvUoMY1s+y0675UNQlYCGjSLdoH00yULgS8OUTPTk=", "last_login": "2017-01-11T15:59:33.132Z", "is_superuser": true, "username": "schwann", "first_name": "", "last_name": "", "email": "", "is_staff": true, "is_active": true, "date_joined": "2017-01-11T15:59:28.221Z", "groups": [], "user_permissions": []}}, {"model": "account.account", "pk": 1, "fields": {"user": 1, "timezone": "", "language": "en-uk"}}, {"model": "admin.logentry", "pk": 1, "fields": {"action_time": "2017-01-11T15:59:39.600Z", "user": 1, "content_type": 24, "object_id": "45", "object_repr": "6 months of Premium Japan Crate subscription", "action_flag": 2, "change_message": "[{\"changed\": {\"fields\": [\"description\", \"tags\"]}}]"}}]